1.jpg,1
2.jpg,2
3.jpg,11
4.jpg,2
5.jpg,11
6.jpg,1
7.jpg,1
8.jpg,6
9.jpg,3
10.jpg,3
11.jpg,8
12.jpg,11
13.jpg,2
14.jpg,3
15.jpg,7
16.jpg,8
17.jpg,5
18.jpg,11
19.jpg,3
20.jpg,11
21.jpg,8
22.jpg,6
23.jpg,11
24.jpg,11
25.jpg,8
26.jpg,6
27.jpg,2
28.jpg,7
29.jpg,7
30.jpg,7
31.jpg,2
32.jpg,3
33.jpg,5
34.jpg,7
35.jpg,11
36.jpg,3
37.jpg,7
38.jpg,9
39.jpg,11
40.jpg,3
41.jpg,1
42.jpg,11
43.jpg,5
44.jpg,1
45.jpg,1
46.jpg,1
47.jpg,11
48.jpg,2
49.jpg,9
50.jpg,3
51.jpg,11
52.jpg,2
53.jpg,2
54.jpg,3
55.jpg,2
56.jpg,6
57.jpg,4
58.jpg,11
59.jpg,11
60.jpg,11
61.jpg,1
62.jpg,1
63.jpg,10
64.jpg,6
65.jpg,11
66.jpg,6
67.jpg,11
68.jpg,11
69.jpg,3
70.jpg,4
71.jpg,9
72.jpg,2
73.jpg,8
74.jpg,9
75.jpg,2
76.jpg,5
77.jpg,2
78.jpg,11
79.jpg,1
80.jpg,1
81.jpg,2
82.jpg,11
83.jpg,2
84.jpg,11
85.jpg,8
86.jpg,11
87.jpg,8
88.jpg,2
89.jpg,2
90.jpg,3
91.jpg,9
92.jpg,2
93.jpg,10
94.jpg,3
95.jpg,5
96.jpg,8
97.jpg,2
98.jpg,2
99.jpg,2
100.jpg,2
101.jpg,11
102.jpg,2
103.jpg,7
104.jpg,2
105.jpg,1
106.jpg,11
107.jpg,3
108.jpg,7
109.jpg,5
110.jpg,8
111.jpg,10
112.jpg,3
113.jpg,3
114.jpg,2
115.jpg,2
116.jpg,3
117.jpg,7
118.jpg,6
119.jpg,1
