name,label
0.jpg,0
1.jpg,0
2.jpg,0
3.jpg,0
4.jpg,0
5.jpg,0
6.jpg,0
7.jpg,0
8.jpg,0
9.jpg,0
10.jpg,0
11.jpg,0
12.jpg,0
13.jpg,0
14.jpg,0
15.jpg,0
16.jpg,0
17.jpg,0
18.jpg,0
19.jpg,0
20.jpg,0
21.jpg,0
22.jpg,0
23.jpg,0
24.jpg,0
25.jpg,0
26.jpg,0
27.jpg,0
28.jpg,0
29.jpg,0
30.jpg,0
31.jpg,0
32.jpg,0
33.jpg,0
34.jpg,0
35.jpg,0
36.jpg,0
37.jpg,0
38.jpg,0
39.jpg,0
40.jpg,0
41.jpg,0
42.jpg,0
43.jpg,0
44.jpg,0
45.jpg,0
46.jpg,0
47.jpg,0
48.jpg,0
49.jpg,0
50.jpg,0
51.jpg,0
52.jpg,0
53.jpg,0
54.jpg,0
55.jpg,0
56.jpg,0
57.jpg,0
58.jpg,0
59.jpg,0
60.jpg,0
61.jpg,0
62.jpg,0
63.jpg,0
64.jpg,0
65.jpg,0
66.jpg,0
67.jpg,0
68.jpg,0
69.jpg,0
70.jpg,0
71.jpg,0
72.jpg,0
73.jpg,0
74.jpg,0
75.jpg,0
76.jpg,0
77.jpg,0
78.jpg,0
79.jpg,0
80.jpg,0
81.jpg,0
82.jpg,0
83.jpg,0
84.jpg,0
85.jpg,0
86.jpg,0
87.jpg,0
88.jpg,0
89.jpg,0
90.jpg,0
91.jpg,0
92.jpg,0
93.jpg,0
94.jpg,0
95.jpg,0
96.jpg,0
97.jpg,0
98.jpg,0
99.jpg,0
100.jpg,0
101.jpg,0
102.jpg,1
103.jpg,1
104.jpg,1
105.jpg,1
106.jpg,1
107.jpg,1
108.jpg,1
109.jpg,1
110.jpg,1
111.jpg,1
112.jpg,1
113.jpg,1
114.jpg,1
115.jpg,1
116.jpg,1
117.jpg,1
118.jpg,1
119.jpg,1
120.jpg,1
121.jpg,1
122.jpg,1
123.jpg,1
124.jpg,1
125.jpg,1
126.jpg,1
127.jpg,1
128.jpg,1
129.jpg,1
130.jpg,1
131.jpg,1
132.jpg,1
133.jpg,1
134.jpg,1
135.jpg,1
136.jpg,1
137.jpg,1
138.jpg,1
139.jpg,1
140.jpg,1
141.jpg,1
142.jpg,1
143.jpg,1
144.jpg,1
145.jpg,1
146.jpg,1
147.jpg,1
148.jpg,1
149.jpg,1
150.jpg,1
151.jpg,1
152.jpg,1
153.jpg,1
154.jpg,1
155.jpg,1
156.jpg,1
157.jpg,1
158.jpg,1
159.jpg,1
160.jpg,1
161.jpg,1
162.jpg,1
163.jpg,1
164.jpg,1
165.jpg,1
166.jpg,1
167.jpg,1
168.jpg,1
169.jpg,1
170.jpg,1
171.jpg,1
172.jpg,1
173.jpg,1
174.jpg,1
175.jpg,1
176.jpg,1
177.jpg,1
178.jpg,1
179.jpg,1
180.jpg,1
181.jpg,1
182.jpg,1
183.jpg,1
184.jpg,1
185.jpg,1
186.jpg,1
187.jpg,1
188.jpg,1
189.jpg,1
190.jpg,1
191.jpg,1
192.jpg,1
193.jpg,1
194.jpg,1
195.jpg,1
196.jpg,1
197.jpg,1
198.jpg,1
199.jpg,1
200.jpg,1
201.jpg,1
202.jpg,1
203.jpg,1
204.jpg,1
205.jpg,1
206.jpg,1
207.jpg,1
208.jpg,1
209.jpg,1
210.jpg,1
211.jpg,1
212.jpg,1
213.jpg,1
214.jpg,1
215.jpg,1
216.jpg,1
217.jpg,1
218.jpg,1
219.jpg,1
220.jpg,1
221.jpg,1
222.jpg,1
223.jpg,1
224.jpg,1
225.jpg,1
226.jpg,1
227.jpg,1
228.jpg,1
229.jpg,1
230.jpg,1
231.jpg,1
232.jpg,2
233.jpg,2
234.jpg,2
235.jpg,2
236.jpg,2
237.jpg,2
238.jpg,2
239.jpg,2
240.jpg,2
241.jpg,2
242.jpg,2
243.jpg,2
244.jpg,2
245.jpg,2
246.jpg,2
247.jpg,2
248.jpg,2
249.jpg,2
250.jpg,2
251.jpg,2
252.jpg,2
253.jpg,2
254.jpg,2
255.jpg,2
256.jpg,2
257.jpg,2
258.jpg,2
259.jpg,2
260.jpg,2
261.jpg,2
262.jpg,2
263.jpg,2
264.jpg,2
265.jpg,2
266.jpg,2
267.jpg,2
268.jpg,2
269.jpg,2
270.jpg,2
271.jpg,2
272.jpg,2
273.jpg,2
274.jpg,2
275.jpg,2
276.jpg,2
277.jpg,2
278.jpg,2
279.jpg,2
280.jpg,2
281.jpg,2
282.jpg,2
283.jpg,2
284.jpg,2
285.jpg,2
286.jpg,2
287.jpg,2
288.jpg,2
289.jpg,2
290.jpg,2
291.jpg,2
292.jpg,2
293.jpg,2
294.jpg,2
295.jpg,2
296.jpg,2
297.jpg,2
298.jpg,2
299.jpg,2
300.jpg,2
301.jpg,2
302.jpg,2
303.jpg,2
304.jpg,2
305.jpg,2
306.jpg,2
307.jpg,2
308.jpg,2
309.jpg,2
310.jpg,2
311.jpg,2
312.jpg,2
313.jpg,2
314.jpg,2
315.jpg,2
316.jpg,2
317.jpg,2
318.jpg,2
319.jpg,2
320.jpg,2
321.jpg,2
322.jpg,2
323.jpg,2
324.jpg,2
325.jpg,2
326.jpg,2
327.jpg,2
328.jpg,2
329.jpg,2
330.jpg,2
331.jpg,2
332.jpg,2
333.jpg,2
334.jpg,2
335.jpg,2
336.jpg,2
337.jpg,2
338.jpg,2
339.jpg,2
340.jpg,2
341.jpg,2
342.jpg,2
343.jpg,2
344.jpg,2
345.jpg,2
346.jpg,2
347.jpg,2
348.jpg,2
349.jpg,2
350.jpg,2
351.jpg,2
352.jpg,2
353.jpg,2
354.jpg,2
355.jpg,2
356.jpg,2
357.jpg,2
358.jpg,2
359.jpg,2
360.jpg,2
361.jpg,2
362.jpg,2
363.jpg,2
364.jpg,2
365.jpg,2
366.jpg,2
367.jpg,2
368.jpg,2
369.jpg,2
370.jpg,2
371.jpg,2
372.jpg,2
373.jpg,2
374.jpg,2
375.jpg,2
376.jpg,2
377.jpg,2
378.jpg,2
379.jpg,2
380.jpg,2
381.jpg,2
382.jpg,2
383.jpg,2
384.jpg,2
385.jpg,2
386.jpg,2
387.jpg,2
388.jpg,2
389.jpg,3
390.jpg,3
391.jpg,3
392.jpg,3
393.jpg,3
394.jpg,3
395.jpg,3
396.jpg,3
397.jpg,3
398.jpg,3
399.jpg,3
400.jpg,3
401.jpg,3
402.jpg,3
403.jpg,3
404.jpg,3
405.jpg,3
406.jpg,3
407.jpg,3
408.jpg,3
409.jpg,3
410.jpg,3
411.jpg,3
412.jpg,3
413.jpg,3
414.jpg,3
415.jpg,3
416.jpg,3
417.jpg,3
418.jpg,3
419.jpg,3
420.jpg,3
421.jpg,3
422.jpg,3
423.jpg,3
424.jpg,3
425.jpg,3
426.jpg,3
427.jpg,3
428.jpg,3
429.jpg,3
430.jpg,3
431.jpg,3
432.jpg,3
433.jpg,3
434.jpg,3
435.jpg,3
436.jpg,3
437.jpg,3
438.jpg,3
439.jpg,3
440.jpg,3
441.jpg,3
442.jpg,3
443.jpg,3
444.jpg,3
445.jpg,3
446.jpg,3
447.jpg,3
448.jpg,3
449.jpg,3
450.jpg,3
451.jpg,3
452.jpg,3
453.jpg,3
454.jpg,3
455.jpg,3
456.jpg,3
457.jpg,3
458.jpg,3
459.jpg,3
460.jpg,3
461.jpg,3
462.jpg,3
463.jpg,3
464.jpg,3
465.jpg,3
466.jpg,3
467.jpg,3
468.jpg,3
469.jpg,3
470.jpg,3
471.jpg,3
472.jpg,3
473.jpg,3
474.jpg,3
475.jpg,3
476.jpg,3
477.jpg,3
478.jpg,3
479.jpg,3
480.jpg,3
481.jpg,3
482.jpg,3
483.jpg,3
484.jpg,3
485.jpg,3
486.jpg,3
487.jpg,3
488.jpg,3
489.jpg,3
490.jpg,3
491.jpg,3
492.jpg,3
493.jpg,3
494.jpg,3
495.jpg,3
496.jpg,3
497.jpg,3
498.jpg,3
499.jpg,3
500.jpg,3
501.jpg,3
502.jpg,3
503.jpg,3
504.jpg,3
505.jpg,3
506.jpg,3
507.jpg,3
508.jpg,3
509.jpg,3
510.jpg,3
511.jpg,3
512.jpg,3
513.jpg,3
514.jpg,3
515.jpg,3
516.jpg,3
517.jpg,3
518.jpg,3
519.jpg,3
520.jpg,3
521.jpg,3
522.jpg,3
523.jpg,3
524.jpg,3
525.jpg,3
526.jpg,3
527.jpg,3
528.jpg,3
529.jpg,3
530.jpg,4
531.jpg,4
532.jpg,4
533.jpg,4
534.jpg,4
535.jpg,4
536.jpg,4
537.jpg,4
538.jpg,4
539.jpg,4
540.jpg,4
541.jpg,4
542.jpg,4
543.jpg,4
544.jpg,4
545.jpg,4
546.jpg,4
547.jpg,4
548.jpg,4
549.jpg,4
550.jpg,4
551.jpg,4
552.jpg,4
553.jpg,4
554.jpg,4
555.jpg,4
556.jpg,4
557.jpg,4
558.jpg,4
559.jpg,4
560.jpg,4
561.jpg,4
562.jpg,4
563.jpg,4
564.jpg,4
565.jpg,4
566.jpg,4
567.jpg,4
568.jpg,4
569.jpg,4
570.jpg,4
571.jpg,4
572.jpg,4
573.jpg,4
574.jpg,4
575.jpg,4
576.jpg,4
577.jpg,4
578.jpg,4
579.jpg,4
580.jpg,4
581.jpg,4
582.jpg,4
583.jpg,4
584.jpg,4
585.jpg,4
586.jpg,4
587.jpg,4
588.jpg,4
589.jpg,4
590.jpg,4
591.jpg,4
592.jpg,4
593.jpg,4
594.jpg,4
595.jpg,4
596.jpg,4
597.jpg,4
598.jpg,4
599.jpg,4
600.jpg,4
601.jpg,4
602.jpg,4
603.jpg,4
604.jpg,4
605.jpg,4
606.jpg,4
607.jpg,4
608.jpg,4
609.jpg,4
610.jpg,4
611.jpg,4
612.jpg,4
613.jpg,4
614.jpg,4
615.jpg,4
616.jpg,4
617.jpg,4
618.jpg,4
619.jpg,4
620.jpg,4
621.jpg,4
622.jpg,4
623.jpg,4
624.jpg,4
625.jpg,4
626.jpg,4
627.jpg,4
628.jpg,4
629.jpg,4
630.jpg,4
631.jpg,4
632.jpg,4
633.jpg,4
634.jpg,4
635.jpg,4
636.jpg,4
637.jpg,4
638.jpg,4
639.jpg,4
640.jpg,4
641.jpg,4
642.jpg,5
643.jpg,5
644.jpg,5
645.jpg,5
646.jpg,5
647.jpg,5
648.jpg,5
649.jpg,5
650.jpg,5
651.jpg,5
652.jpg,5
653.jpg,5
654.jpg,5
655.jpg,5
656.jpg,5
657.jpg,5
658.jpg,5
659.jpg,5
660.jpg,5
661.jpg,5
662.jpg,5
663.jpg,5
664.jpg,5
665.jpg,5
666.jpg,5
667.jpg,5
668.jpg,5
669.jpg,5
670.jpg,5
671.jpg,5
672.jpg,5
673.jpg,5
674.jpg,5
675.jpg,5
676.jpg,5
677.jpg,5
678.jpg,5
679.jpg,5
680.jpg,5
681.jpg,5
682.jpg,5
683.jpg,5
684.jpg,5
685.jpg,5
686.jpg,5
687.jpg,5
688.jpg,5
689.jpg,5
690.jpg,5
691.jpg,5
692.jpg,5
693.jpg,5
694.jpg,5
695.jpg,5
696.jpg,5
697.jpg,5
698.jpg,5
699.jpg,5
700.jpg,5
701.jpg,5
702.jpg,5
703.jpg,5
704.jpg,5
705.jpg,5
706.jpg,5
707.jpg,5
708.jpg,5
709.jpg,5
710.jpg,5
711.jpg,5
712.jpg,5
713.jpg,5
714.jpg,5
715.jpg,5
716.jpg,5
717.jpg,5
718.jpg,5
719.jpg,5
720.jpg,5
721.jpg,5
722.jpg,5
723.jpg,5
724.jpg,5
725.jpg,5
726.jpg,5
727.jpg,5
728.jpg,5
729.jpg,5
730.jpg,5
731.jpg,5
732.jpg,5
733.jpg,5
734.jpg,5
735.jpg,5
736.jpg,5
737.jpg,5
738.jpg,5
739.jpg,5
740.jpg,5
741.jpg,5
742.jpg,5
743.jpg,5
744.jpg,5
745.jpg,5
746.jpg,5
747.jpg,5
748.jpg,5
749.jpg,5
750.jpg,6
751.jpg,6
752.jpg,6
753.jpg,6
754.jpg,6
755.jpg,6
756.jpg,6
757.jpg,6
758.jpg,6
759.jpg,6
760.jpg,6
761.jpg,6
762.jpg,6
763.jpg,6
764.jpg,6
765.jpg,6
766.jpg,6
767.jpg,6
768.jpg,6
769.jpg,6
770.jpg,6
771.jpg,6
772.jpg,6
773.jpg,6
774.jpg,6
775.jpg,6
776.jpg,6
777.jpg,6
778.jpg,6
779.jpg,6
780.jpg,6
781.jpg,6
782.jpg,6
783.jpg,6
784.jpg,6
785.jpg,6
786.jpg,6
787.jpg,6
788.jpg,6
789.jpg,6
790.jpg,6
791.jpg,6
792.jpg,6
793.jpg,6
794.jpg,6
795.jpg,6
796.jpg,6
797.jpg,6
798.jpg,6
799.jpg,6
800.jpg,6
801.jpg,6
802.jpg,6
803.jpg,6
804.jpg,6
805.jpg,6
806.jpg,6
807.jpg,6
808.jpg,6
809.jpg,6
810.jpg,6
811.jpg,6
812.jpg,6
813.jpg,6
814.jpg,6
815.jpg,6
816.jpg,6
817.jpg,6
818.jpg,6
819.jpg,6
820.jpg,6
821.jpg,6
822.jpg,6
823.jpg,6
824.jpg,6
825.jpg,6
826.jpg,6
827.jpg,6
828.jpg,6
829.jpg,6
830.jpg,6
831.jpg,6
832.jpg,6
833.jpg,6
834.jpg,6
835.jpg,6
836.jpg,6
837.jpg,6
838.jpg,6
839.jpg,6
840.jpg,6
841.jpg,6
842.jpg,6
843.jpg,6
844.jpg,6
845.jpg,6
846.jpg,6
847.jpg,6
848.jpg,6
849.jpg,6
850.jpg,6
851.jpg,6
852.jpg,6
853.jpg,6
854.jpg,6
855.jpg,6
856.jpg,6
857.jpg,6
858.jpg,6
859.jpg,6
860.jpg,6
861.jpg,6
862.jpg,6
863.jpg,6
864.jpg,6
865.jpg,6
866.jpg,6
867.jpg,6
868.jpg,6
869.jpg,6
870.jpg,6
871.jpg,6
872.jpg,6
873.jpg,6
874.jpg,6
875.jpg,6
876.jpg,6
877.jpg,6
878.jpg,6
879.jpg,6
880.jpg,6
881.jpg,6
882.jpg,6
883.jpg,7
884.jpg,7
885.jpg,7
886.jpg,7
887.jpg,7
888.jpg,7
889.jpg,7
890.jpg,7
891.jpg,7
892.jpg,7
893.jpg,7
894.jpg,7
895.jpg,7
896.jpg,7
897.jpg,7
898.jpg,7
899.jpg,7
900.jpg,7
901.jpg,7
902.jpg,7
903.jpg,7
904.jpg,7
905.jpg,7
906.jpg,7
907.jpg,7
908.jpg,7
909.jpg,7
910.jpg,7
911.jpg,7
912.jpg,7
913.jpg,7
914.jpg,7
915.jpg,7
916.jpg,7
917.jpg,7
918.jpg,7
919.jpg,7
920.jpg,7
921.jpg,7
922.jpg,7
923.jpg,7
924.jpg,7
925.jpg,7
926.jpg,7
927.jpg,7
928.jpg,7
929.jpg,7
930.jpg,7
931.jpg,7
932.jpg,7
933.jpg,7
934.jpg,7
935.jpg,7
936.jpg,7
937.jpg,7
938.jpg,7
939.jpg,7
940.jpg,7
941.jpg,7
942.jpg,7
943.jpg,7
944.jpg,7
945.jpg,7
946.jpg,7
947.jpg,7
948.jpg,7
949.jpg,7
950.jpg,7
951.jpg,7
952.jpg,7
953.jpg,7
954.jpg,7
955.jpg,7
956.jpg,7
957.jpg,7
958.jpg,7
959.jpg,7
960.jpg,7
961.jpg,7
962.jpg,7
963.jpg,7
964.jpg,7
965.jpg,7
966.jpg,7
967.jpg,7
968.jpg,7
969.jpg,7
970.jpg,7
971.jpg,7
972.jpg,7
973.jpg,7
974.jpg,7
975.jpg,7
976.jpg,7
977.jpg,7
978.jpg,7
979.jpg,7
980.jpg,7
981.jpg,7
982.jpg,7
983.jpg,7
984.jpg,7
985.jpg,7
986.jpg,7
987.jpg,7
988.jpg,7
989.jpg,7
990.jpg,7
991.jpg,7
992.jpg,7
993.jpg,7
994.jpg,7
995.jpg,7
996.jpg,7
997.jpg,7
998.jpg,7
999.jpg,7
1000.jpg,7
1001.jpg,7
1002.jpg,7
1003.jpg,7
1004.jpg,7
1005.jpg,7
1006.jpg,7
1007.jpg,7
1008.jpg,7
1009.jpg,7
1010.jpg,7
1011.jpg,7
1012.jpg,8
1013.jpg,8
1014.jpg,8
1015.jpg,8
1016.jpg,8
1017.jpg,8
1018.jpg,8
1019.jpg,8
1020.jpg,8
1021.jpg,8
1022.jpg,8
1023.jpg,8
1024.jpg,8
1025.jpg,8
1026.jpg,8
1027.jpg,8
1028.jpg,8
1029.jpg,8
1030.jpg,8
1031.jpg,8
1032.jpg,8
1033.jpg,8
1034.jpg,8
1035.jpg,8
1036.jpg,8
1037.jpg,8
1038.jpg,8
1039.jpg,8
1040.jpg,8
1041.jpg,8
1042.jpg,8
1043.jpg,8
1044.jpg,8
1045.jpg,8
1046.jpg,8
1047.jpg,8
1048.jpg,8
1049.jpg,8
1050.jpg,8
1051.jpg,8
1052.jpg,8
1053.jpg,8
1054.jpg,8
1055.jpg,8
1056.jpg,8
1057.jpg,8
1058.jpg,8
1059.jpg,8
1060.jpg,8
1061.jpg,8
1062.jpg,8
1063.jpg,8
1064.jpg,8
1065.jpg,8
1066.jpg,8
1067.jpg,8
1068.jpg,8
1069.jpg,8
1070.jpg,8
1071.jpg,8
1072.jpg,8
1073.jpg,8
1074.jpg,8
1075.jpg,8
1076.jpg,8
1077.jpg,8
1078.jpg,8
1079.jpg,8
1080.jpg,8
1081.jpg,8
1082.jpg,8
1083.jpg,8
1084.jpg,8
1085.jpg,8
1086.jpg,8
1087.jpg,8
1088.jpg,8
1089.jpg,8
1090.jpg,8
1091.jpg,8
1092.jpg,8
1093.jpg,8
1094.jpg,8
1095.jpg,8
1096.jpg,8
1097.jpg,8
1098.jpg,8
1099.jpg,8
1100.jpg,8
1101.jpg,8
1102.jpg,8
1103.jpg,8
1104.jpg,8
1105.jpg,8
1106.jpg,8
1107.jpg,8
1108.jpg,8
1109.jpg,8
1110.jpg,8
1111.jpg,8
1112.jpg,8
1113.jpg,8
1114.jpg,8
1115.jpg,8
1116.jpg,8
1117.jpg,8
1118.jpg,8
1119.jpg,8
1120.jpg,8
1121.jpg,8
1122.jpg,8
1123.jpg,8
1124.jpg,8
1125.jpg,8
1126.jpg,8
1127.jpg,8
1128.jpg,8
1129.jpg,8
1130.jpg,8
1131.jpg,8
1132.jpg,8
1133.jpg,8
1134.jpg,8
1135.jpg,8
1136.jpg,8
1137.jpg,8
1138.jpg,8
1139.jpg,8
1140.jpg,8
1141.jpg,8
1142.jpg,8
1143.jpg,8
1144.jpg,8
1145.jpg,8
1146.jpg,8
1147.jpg,8
1148.jpg,8
1149.jpg,8
1150.jpg,8
1151.jpg,8
1152.jpg,8
1153.jpg,8
1154.jpg,8
1155.jpg,8
1156.jpg,8
1157.jpg,8
1158.jpg,8
1159.jpg,8
1160.jpg,8
1161.jpg,8
1162.jpg,8
1163.jpg,8
1164.jpg,8
1165.jpg,8
1166.jpg,8
1167.jpg,8
1168.jpg,8
1169.jpg,9
1170.jpg,9
1171.jpg,9
1172.jpg,9
1173.jpg,9
1174.jpg,9
1175.jpg,9
1176.jpg,9
1177.jpg,9
1178.jpg,9
1179.jpg,9
1180.jpg,9
1181.jpg,9
1182.jpg,9
1183.jpg,9
1184.jpg,9
1185.jpg,9
1186.jpg,9
1187.jpg,9
1188.jpg,9
1189.jpg,9
1190.jpg,9
1191.jpg,9
1192.jpg,9
1193.jpg,9
1194.jpg,9
1195.jpg,9
1196.jpg,9
1197.jpg,9
1198.jpg,9
1199.jpg,9
1200.jpg,9
1201.jpg,9
1202.jpg,9
1203.jpg,9
1204.jpg,9
1205.jpg,9
1206.jpg,9
1207.jpg,9
1208.jpg,9
1209.jpg,9
1210.jpg,9
1211.jpg,9
1212.jpg,9
1213.jpg,9
1214.jpg,9
1215.jpg,9
1216.jpg,9
1217.jpg,9
1218.jpg,9
1219.jpg,9
1220.jpg,9
1221.jpg,9
1222.jpg,9
1223.jpg,9
1224.jpg,9
1225.jpg,9
1226.jpg,9
1227.jpg,9
1228.jpg,9
1229.jpg,9
1230.jpg,9
1231.jpg,9
1232.jpg,9
1233.jpg,9
1234.jpg,9
1235.jpg,9
1236.jpg,9
1237.jpg,9
1238.jpg,9
1239.jpg,9
1240.jpg,9
1241.jpg,9
1242.jpg,9
1243.jpg,9
1244.jpg,9
1245.jpg,9
1246.jpg,9
1247.jpg,9
1248.jpg,9
1249.jpg,9
1250.jpg,9
1251.jpg,9
1252.jpg,9
1253.jpg,9
1254.jpg,9
1255.jpg,9
1256.jpg,9
1257.jpg,9
1258.jpg,9
1259.jpg,9
1260.jpg,9
1261.jpg,9
1262.jpg,9
1263.jpg,9
1264.jpg,9
1265.jpg,9
1266.jpg,9
1267.jpg,9
1268.jpg,9
1269.jpg,9
1270.jpg,9
1271.jpg,9
1272.jpg,9
1273.jpg,9
1274.jpg,9
1275.jpg,9
1276.jpg,9
1277.jpg,9
1278.jpg,9
1279.jpg,9
1280.jpg,9
1281.jpg,9
1282.jpg,9
1283.jpg,9
1284.jpg,9
1285.jpg,9
1286.jpg,9
1287.jpg,9
1288.jpg,9
1289.jpg,9
1290.jpg,9
1291.jpg,9
1292.jpg,9
1293.jpg,9
1294.jpg,9
1295.jpg,9
1296.jpg,9
1297.jpg,9
1298.jpg,9
1299.jpg,9
1300.jpg,10
1301.jpg,10
1302.jpg,10
1303.jpg,10
1304.jpg,10
1305.jpg,10
1306.jpg,10
1307.jpg,10
1308.jpg,10
1309.jpg,10
1310.jpg,10
1311.jpg,10
1312.jpg,10
1313.jpg,10
1314.jpg,10
1315.jpg,10
1316.jpg,10
1317.jpg,10
1318.jpg,10
1319.jpg,10
1320.jpg,10
1321.jpg,10
1322.jpg,10
1323.jpg,10
1324.jpg,10
1325.jpg,10
1326.jpg,10
1327.jpg,10
1328.jpg,10
1329.jpg,10
1330.jpg,10
1331.jpg,10
1332.jpg,10
1333.jpg,10
1334.jpg,10
1335.jpg,10
1336.jpg,10
1337.jpg,10
1338.jpg,10
1339.jpg,10
1340.jpg,10
1341.jpg,10
1342.jpg,10
1343.jpg,10
1344.jpg,10
1345.jpg,10
1346.jpg,10
1347.jpg,10
1348.jpg,10
1349.jpg,10
1350.jpg,10
1351.jpg,10
1352.jpg,10
1353.jpg,10
1354.jpg,10
1355.jpg,10
1356.jpg,10
1357.jpg,10
1358.jpg,10
1359.jpg,10
1360.jpg,10
1361.jpg,10
1362.jpg,10
1363.jpg,10
1364.jpg,10
1365.jpg,10
1366.jpg,10
1367.jpg,10
1368.jpg,10
1369.jpg,10
1370.jpg,10
1371.jpg,10
1372.jpg,10
1373.jpg,10
1374.jpg,10
1375.jpg,10
1376.jpg,10
1377.jpg,10
1378.jpg,10
1379.jpg,10
1380.jpg,10
1381.jpg,10
1382.jpg,10
1383.jpg,10
1384.jpg,10
1385.jpg,10
1386.jpg,10
1387.jpg,10
1388.jpg,10
1389.jpg,10
1390.jpg,10
1391.jpg,10
1392.jpg,10
1393.jpg,10
1394.jpg,10
1395.jpg,10
1396.jpg,10
1397.jpg,10
1398.jpg,10
1399.jpg,10
1400.jpg,10
1401.jpg,10
1402.jpg,10
1403.jpg,10
1404.jpg,10
1405.jpg,10
1406.jpg,10
1407.jpg,10
1408.jpg,10
1409.jpg,10
1410.jpg,10
1411.jpg,10
1412.jpg,10
1413.jpg,10
1414.jpg,10
1415.jpg,10
1416.jpg,10
1417.jpg,10
1418.jpg,10
1419.jpg,10
1420.jpg,10
1421.jpg,10
1422.jpg,10
1423.jpg,10
1424.jpg,10
1425.jpg,10
1426.jpg,10
1427.jpg,10
1428.jpg,10
1429.jpg,10
1430.jpg,10
1431.jpg,10
1432.jpg,10
1433.jpg,10
1434.jpg,10
1435.jpg,10
1436.jpg,10
1437.jpg,10
1438.jpg,10
1439.jpg,10
1440.jpg,10
1441.jpg,10
1442.jpg,10
1443.jpg,11
1444.jpg,11
1445.jpg,11
1446.jpg,11
1447.jpg,11
1448.jpg,11
1449.jpg,11
1450.jpg,11
1451.jpg,11
1452.jpg,11
1453.jpg,11
1454.jpg,11
1455.jpg,11
1456.jpg,11
1457.jpg,11
1458.jpg,11
1459.jpg,11
1460.jpg,11
1461.jpg,11
1462.jpg,11
1463.jpg,11
1464.jpg,11
1465.jpg,11
1466.jpg,11
1467.jpg,11
1468.jpg,11
1469.jpg,11
1470.jpg,11
1471.jpg,11
1472.jpg,11
1473.jpg,11
1474.jpg,11
1475.jpg,11
1476.jpg,11
1477.jpg,11
1478.jpg,11
1479.jpg,11
1480.jpg,11
1481.jpg,11
1482.jpg,11
1483.jpg,11
1484.jpg,11
1485.jpg,11
1486.jpg,11
1487.jpg,11
1488.jpg,11
1489.jpg,11
1490.jpg,11
1491.jpg,11
1492.jpg,11
1493.jpg,11
1494.jpg,11
1495.jpg,11
1496.jpg,11
1497.jpg,11
1498.jpg,11
1499.jpg,11
1500.jpg,11
1501.jpg,11
1502.jpg,11
1503.jpg,11
1504.jpg,11
1505.jpg,11
1506.jpg,11
1507.jpg,11
1508.jpg,11
1509.jpg,11
1510.jpg,11
1511.jpg,11
1512.jpg,11
1513.jpg,11
1514.jpg,11
1515.jpg,11
1516.jpg,11
1517.jpg,11
1518.jpg,11
1519.jpg,11
1520.jpg,11
1521.jpg,11
1522.jpg,11
1523.jpg,11
1524.jpg,11
1525.jpg,11
1526.jpg,11
1527.jpg,11
1528.jpg,11
1529.jpg,11
1530.jpg,11
1531.jpg,11
1532.jpg,11
1533.jpg,11
1534.jpg,11
1535.jpg,11
1536.jpg,11
1537.jpg,11
1538.jpg,11
1539.jpg,11
1540.jpg,11
1541.jpg,11
1542.jpg,11
1543.jpg,11
1544.jpg,11
1545.jpg,11
1546.jpg,11
1547.jpg,11
1548.jpg,11
1549.jpg,11
1550.jpg,11
1551.jpg,11
1552.jpg,11
1553.jpg,11
1554.jpg,11
1555.jpg,11
1556.jpg,11
1557.jpg,11
1558.jpg,11
1559.jpg,11
1560.jpg,11
1561.jpg,11
1562.jpg,11
1563.jpg,11
1564.jpg,11
1565.jpg,11
1566.jpg,11
1567.jpg,11
1568.jpg,11
1569.jpg,11
1570.jpg,11
1571.jpg,11
1572.jpg,11
1573.jpg,11
1574.jpg,11
1575.jpg,11
1576.jpg,11
1577.jpg,11
